nid,title,url,summary,pdf_path
2761049,"A Critical Enquiry Regarding the Real Author of the Letters of Genius, Providing Them to Have Been Written by Lord Viscount Sackville",/system/files/ICrarebooks/dlirepository/4/A-Critical-Enquiry-Regarding-The-Real-Author-Of-The-Letter-Of-Junius-Providing-Them-To-Have-Been-Written.pdf,"The text discusses the authorship controversy surrounding the mysterious ""Junius"" letters, suggesting that Lord George Sackville was the likely author based on various linguistic and circumstantial evidence. The analysis highlights Lord George's personal vendettas, intimate knowledge of politics, and vindictive tone, all of which align with Junius's characteristics. The text points out Lord George's resentments towards specific figures like Lord Mansfield and his involvement in the political landscape, corroborating the similarities between Junius's powerful political critiques and Lord George's public actions. The author's erudition, military background, fluency in French, associations with certain individuals, and involvement in specific political events further suggest Lord George's suitability as Junius. The parallels drawn between Junius's letters and Lord George's sentiments, speeches, and reactions enhance the theory that Lord George Sackville was the elusive Junius, providing a comprehensive argument for his authorship.",https://ocrdigitalfile.nvli.in/dlirepository/4/A-Critical-Enquiry-Regarding-The-Real-Author-Of-The-Letter-Of-Junius-Providing-Them-To-Have-Been-Written-ocr.pdf
2761060,"Narrative of Various Journeys in Balochistan, Afghanistan, and the Punjab Vol. III",/system/files/ICrarebooks/dlirepository/17/Narrative-Of.pdf,"During the journey through Balochistan, Afghanistan, and Punjab, the narrative recounts various events and encounters with key figures such as Dost Mahomed Khan, Fati Khan, and Shahzada Kamran. It delves into the political and military dynamics, including battles, alliances, and betrayals among regional leaders. The text provides insights into the complexities of Afghan society, the state of Afghan governance, and the dissolution of monarchy under Fati Khan. Additionally, it highlights geographical features, agricultural practices, and historical contexts like the silver mines in the Panjshir valley. Antiquarian discoveries and encounters with diverse cultures and languages enrich the narrator's experiences during the journeys, offering a comprehensive exploration of the regions' landscapes, people, and historical significance. Noteworthy interactions, such as with M. Honigberger and Nawab Jabar Khan, lend depth to the narrative, providing a nuanced perspective on the cultural and political landscapes encountered during the travels.",https://ocrdigitalfile.nvli.in/dlirepository/17/Narrative-Of-ocr.pdf
2761050,History of the Commonwealth of England : From its Commencement to the Restoration of Charles the Second Vol. II,/system/files/ICrarebooks/dlirepository/5/History-Of-The-Commonwealth-Of-England--Vol-2.pdf,"The text provides a detailed account of the events and political climate in England leading up to the establishment of a republican government during the Commonwealth period. William Godwin's work delves into the intricacies of political movements, religious controversies, and power struggles among various factions. It highlights key figures such as Cromwell, Ireton, Vane, and others who played crucial roles in shaping the course of English history during this tumultuous time. The text also discusses the challenges faced by the republican party, the Scots' influence, and the general sentiments of the population towards the monarchy. Despite the aversion towards the king and certain religious practices, there were apprehensions about potential invasions and the need for careful navigation through these political complexities. Overall, the text provides a thorough examination of the factors at play during this pivotal period in English history.",https://ocrdigitalfile.nvli.in/dlirepository/5/History-Of-The-Commonwealth-Of-England--Vol-2-ocr.pdf
2761061,The Naturalist&#039;s Library: Ornithology Vol. XXVI,/system/files/ICrarebooks/dlirepository/15/The-Naturalists.pdf,"The text from the LPs NAT OORAILU STDS TLINBIRARSY provides a comprehensive inventory of bird species found in Europe. It contains detailed descriptions and illustrations of various birds ranging from redshanks to dotterels, storks to godwits. The work highlights the ornithology of British birds, focusing on plovers, sandpipers, cranes, night-herons, and avosets, among others. Furthermore, it explores the natural habitats, behaviors, and plumage of these avian species. The publication reflects a scholarly endeavor by Sir William Jardine, providing valuable insights and scientific observations regarding the birdlife in the region. Dr. Walker, mentioned in a related memoir, contributes to the field of natural history through his lectures and writings, further enhancing the understanding of the scientific community. The text delineates the interconnectedness of various bird families, aiding in the study and appreciation of the diverse avian species found in Europe.",https://ocrdigitalfile.nvli.in/dlirepository/15/The-Naturalists-ocr.pdf
2761051,The Political History of India (1784 - 1823) Vol. II,/system/files/ICrarebooks/dlirepository/6/The-Political.pdf,"The text discusses the impact of British administration in India, highlighting the need for understanding the existing social structures and institutions. The public officer emphasizes the importance of incorporating native institutions and practices into governance strategies to foster improvement. The focus is on the criminal law and police administration, emphasizing the prevalent atrocities and crimes across Bengal. The narrative delves into historical events involving Lord Clive's policies, the spread of knowledge, the limitations of the press, and the complex nature of governance in India. The discussions touch upon religious practices, territorial acquisitions, and the challenges of balancing knowledge dissemination with respect for cultural sensitivities. The text sheds light on the evolution of British power in India, the complexities of governance, and the debates surrounding reforms and authority in colonial India.",https://ocrdigitalfile.nvli.in/dlirepository/6/The-Political-ocr.pdf
2761062,"The Magazine of Science, and School of Arts: Intended to Illustrate the Most Useful, Novel and Interesting Parts of Natural History and Experimental Philosophy, Artistical Processes, Ornamental Manufactures and the Arts of Life",/system/files/ICrarebooks/dlirepository/16/The-Magazine-Of-Science-And-School-Of-Arts-Vol2.pdf,"The Magazine of Science and School of Arts (Vol. II) is a comprehensive 19th-century compendium edited by G. Francis, aimed at making scientific knowledge accessible to the general public. It spans a variety of topics including astronomy, chemistry, electricity, varnishing, metallurgy, and mechanics, blending practical instruction with theoretical explanation. The volume offers vivid demonstrations and apparatus descriptions, such as the tellurian model illustrating Earths movement and seasonal change, and devices for simulating auroras and atmospheric phenomena. Chemistry experiments explore elements like hydrogen and citric acid, emphasizing their properties, extraction methods, and applications in daily life. The book also features extensive instructions on manufacturing varnishes for musical instruments, umbrellas, and decorative purposes. Moreover, it delves into natural and electrical phenomena such as auroras, falling stars, water-spouts, and phosphorescent meteors, interpreting them through the lens of electricity. There is a strong educational tone, evident from the prefaces and replies to reader queries, suggesting the magazines role as both a scientific journal and a DIY handbook. Richly illustrated and detailed, the work reflects the Victorian fascination with science, innovation, and the domestic application of knowledge, fostering curiosity and encouraging experimentation among its readers.",https://ocrdigitalfile.nvli.in/dlirepository/16/The-Magazine-Of-Science-And-School-Of-Arts-Vol2-ocr.pdf
2761052,Autobiography: A Collection of the Most Instructive and Amusing Lives Ever Published Vol. VII,/system/files/ICrarebooks/dlirepository/7/Memoirs-Of-Mrs-Robinson.pdf,"Mrs. Robinson led a vibrant life with illustrious admirers and trials challenging her generosity, romance, and creative spirit. Engulfed in societal scandals, her enthralling encounters with prestigious figures, like the Prince of Wales and Lord Lyttelton, navigated through periods of turbulence and disillusionment, despite her moral standing and dedication to her craft. Grappling with financial debts and familial upheavals, Mrs. Robinson's literary works characterized her innate talent amidst societal pitfalls, delineating a compelling journey of resilience in the face of adversity and acclaim amongst the aristocrats of her time.",https://ocrdigitalfile.nvli.in/dlirepository/7/Memoirs-Of-Mrs-Robinson-ocr.pdf
2761063,The Ice Book: Being a Compendious &amp; Concise History of Everything Connected with Ice from its First Introduction into Europe as an Article of Luxury to the Present Time,/system/files/ICrarebooks/dlirepository/18/The-Ice.pdf,"The Ice Book by Thomas Masters published in 1844 is a comprehensive history of ice in Europe, covering its introduction as a luxury item to modern times. It includes information on preserving ice, freezing apparatus, and recipes for water ices and ice creams. The book introduces an innovative ice-making apparatus that promises rapid ice production with ease of operation suitable for domestic use, emphasizing its benefits in therapeutic applications and culinary settings. Certificates from doctors attest to the medical benefits of ice and endorse the apparatus. The text explains the process of creating artificial ice, challenges in ice production historically, and the usefulness of artificial methods in the present day. The book details the construction of ice wells, preservation methods, and the advantages of ice-preservers. It provides various recipes for ice creams and ices using different ingredients and flavors, catering to both domestic and professional use of ice cream machines.",https://ocrdigitalfile.nvli.in/dlirepository/18/The-Ice-ocr.pdf
2761053,Memoirs of Madame du Barri: Translated from the French Vol. I,/system/files/ICrarebooks/dlirepository/8/Memoirs-Of-Madame-Du-Barri--Vol1.pdf,"Memoirs of Madame du Barri (Vol. 1) recounts the life of Jeanne Bcu, the comtesse du Barri, mistress of King Louis XV. Written as an epistolary narrative, the memoirs begin with her early life in Vaucouleurs, France, where she was born into humble circumstances. Her fathers death at an early age and her mother's struggle to support them led to their move to Paris, where they relied on the help of various benefactors, including her godfather, M. Billard du Monceau. Du Barris beauty, described as angelic, became her most significant asset, capturing the attention of influential figures and ultimately leading her to the king's court. Her rise from a milliner's assistant to the king's favorite is depicted with a mixture of self-awareness and defiance, as she reflects on the intricacies of court politics and her own ambition. As she navigates her early life and ascension to royalty, she provides candid insights into the people and events around her, including her encounters with prominent figures such as the duc de Richelieu and M. de Brienne. Her memoirs are marked by a blend of personal reflection and historical commentary, offering a unique perspective on 18th-century French aristocracy.",https://ocrdigitalfile.nvli.in/dlirepository/8/Memoirs-Of-Madame-Du-Barri--Vol1-ocr.pdf
2761064,The New Monthly Magazine and Humorist Vol. LXXXII Part I,/system/files/ICrarebooks/dlirepository/21/The-New-Monthly-Magazine-And-Humorist--Vol-82-Part-1.pdf,"The New Monthly Magazine and Humorist (Vol. 82, Part 1, 1848), edited by W. Harrison Ainsworth, is a lively Victorian-era periodical blending fiction, travelogues, social commentary, literary criticism, and satire. This volume features serialized stories such as Tick; or, Memoirs of an Old Eton Boy, dramatic tales like La Camicia Rapita, and travel sketches from Southern Africa and the Middle East. Ainsworth, alongside contributors like Horace Smith, John Oxenford, and Charles Hervey, curates a mix of humorous prose, romantic adventures, theatrical reviews, and reflections on contemporary society. Notable narratives include tales of mistaken identity, cross-class encounters, and romantic intrigue, often set against the backdrop of English high society. Essays explore etiquette, political affairs, and literary criticism commenting on works such as Wuthering Heights and The Life of Shakespeare. The magazine also pokes fun at societal norms and includes poetic interludes, serialized novels, and dramatic monologues. Rich in character-driven plots and witty dialogue, this volume provides both entertainment and insight into mid-19th-century British culture, showcasing the era's literary diversity and fascination with class, romance, travel, and the shifting roles of women in society.",https://ocrdigitalfile.nvli.in/dlirepository/21/The-New-Monthly-Magazine-And-Humorist--Vol-82-Part-1-ocr.pdf
2761054,The Antiquary,/system/files/ICrarebooks/dlirepository/9/The-Antiquary.pdf,"The Antiquary by Sir Walter Scott is the third in a series of novels exploring different periods of Scottish life, with this volume focusing on the last decade of the 18th century. The story follows Jonathan Oldbuck, an eccentric antiquarian with a passion for relics, old manuscripts, and historical lore, who becomes entangled in the personal and political intrigues of the coastal town of Fairport. Oldbuck befriends Lovel, a mysterious young man with a hidden past, and their friendship draws them into events surrounding love, inheritance disputes, and ancient legends. The novel combines romantic plots with social commentary, exploring themes of class, heritage, and Enlightenment ideals versus superstition. It also introduces memorable characters like Edie Ochiltree, a traveling beggar and former soldier who plays a central role in the community's life, offering both comic relief and poignant wisdom. Through richly detailed settings and dialects, Scott vividly reconstructs Scottish rural life, emphasizing its customs, language, and lore. More than a historical tale, The Antiquary critiques the idealization of the past while showing the value of preserving cultural memory. Scott's intricate narrative and humor make the novel both a literary and historical treasure that blends fiction with folklore and scholarly satire.",https://ocrdigitalfile.nvli.in/dlirepository/9/The-Antiquary-ocr.pdf
2761065,Ten Years in India: Or the Life of a Young Officer Vol. III,/system/files/ICrarebooks/dlirepository/19/ten-years.pdf,"Ten Years in India by Captain Albert Hervey offers a vivid and personal narrative of a British officer's decade-long service in colonial India, particularly with the 40th Regiment of Madras Infantry. Written in a frank and anecdotal style, the memoir spans daily life, military duties, social customs, and challenges faced by soldiers during campaigns and cantonment life. Hervey documents his experiences with striking detail from the hardships of marching through tropical weather and managing unruly troops to the chaos of fires in native lines and the inefficiency of administrative responses. He shares reflective commentary on army reforms, criticizing the slow pace of promotion, burdensome command structures, and lack of young, energetic leadership. The narrative is punctuated by colorful characters, dramatic incidents (such as the escape of a palace slave girl), and humorous episodes, like a prank played on a young officer neglecting his guard duties. Hervey's observations provide insight into both the rigid structure of the British military and the complex socio-cultural dynamics of colonial India. His tone blends critique with affection, creating a compelling historical and autobiographical account that sheds light on the military, administrative, and personal dimensions of life in British India during the mid-19th century.",https://ocrdigitalfile.nvli.in/dlirepository/19/ten-years-ocr.pdf
2761055,Principles of Geometry:Familiarly Illustrated,/system/files/ICrarebooks/dlirepository/10/Principles-Of.pdf,"Principles of Geometry is an educational text designed to introduce young learners to geometry through an engaging blend of theory and hands-on application. It aims to simplify the learning process by merging Euclidean logic with practical exercises such as drawing accurate geometrical shapes using tools like compasses and protractors. The book provides resting places throughout interactive segments encouraging students to apply what they've learned, reinforcing understanding through practice. It covers definitions, properties of lines and angles, triangles, circles, and solids, then transitions to proportional reasoning involving lines, surfaces, and volumes. Its distinctive feature is the emphasis on numerical understanding and practical geometry, encouraging neatness, accuracy, and spatial thinking, which prepares students for fields like architecture, engineering, or cartography. The author argues that by understanding geometry in both visual and numeric terms, students grasp concepts more clearly and maintain greater interest. Importantly, it criticizes purely abstract approaches, noting that many students fail to appreciate the relevance of geometry without real-world applications. This well-structured blend of pedagogy, mathematics, and craftsmanship not only builds mathematical reasoning but also cultivates intellectual curiosity and critical thinking, making it a valuable guide for educators and students alike.",https://ocrdigitalfile.nvli.in/dlirepository/10/Principles-Of-ocr.pdf
2761056,A Library of Christian Biography Vol. VI,/system/files/ICrarebooks/dlirepository/11/A-Library.pdf,"A Library of Christian Biography (Vol. VI), edited by Thomas Jackson, focuses primarily on the life of Colonel James Gardiner, as recounted by Rev. Philip Doddridge. Gardiner, a British officer, is remembered for his dramatic spiritual transformation and steadfast Christian faith. Born in 1687 into a military family, Gardiner followed in their footsteps, entering army service at a young age and participating in significant battles such as Ramillies, where he sustained a near-fatal wound. Initially known for a life of reckless indulgence, his sudden conversion came during a solitary night of reading a devotional book, sparking a profound change in character. Thereafter, Gardiner became an exemplary Christian soldier, blending military discipline with devout piety. Doddridge presents Gardiner's life as a model of Christian repentance and moral strength, emphasizing themes of divine providence, spiritual awakening, and courageous service. Gardiner died in 1745 at the Battle of Prestonpans, fighting in defense of the British crown during the Jacobite uprising. The biography is both a spiritual tribute and a historical document, combining personal memoir with moral instruction. It serves as an inspirational account of transformation, echoing evangelical ideals and encouraging readers to lead virtuous, purpose-driven lives.",https://ocrdigitalfile.nvli.in/dlirepository/11/A-Library-ocr.pdf
2761067,"The Shores and Islands of the Mediterranean, Including a Visit to the Seven Churches of Asia, Vol. III",/system/files/ICrarebooks/dlirepository/24/251_W_O.pdf,"The Shores and Islands of the Mediterranean, Including a Visit to the Seven Churches of Asia (Vol. III) by Rev. H. Christmas is a travelogue blending detailed observations of geography, culture, and history with theological reflection. The volume opens with the author's journey from Syra to Constantinople, recounting vivid encounters with Albanian passengers, Turkish customs, and the architectural beauty and decay of ancient Byzantium. Through richly descriptive chapters, the author captures the landscapes, traditions, and changing political atmosphere of 19th-century Turkey. Particular focus is given to the Seven Churches of Asia, mentioned in the Book of Revelation Ephesus, Smyrna, Pergamos, Thyatira, Sardis, Philadelphia, and Laodiceaeach examined both archaeologically and theologically. Christmas interprets the ""inner sense"" of each churchs apocalyptic message while documenting present-day ruins and local customs. The book blends firsthand travel experiences with Christian reflection, showcasing the authors deep curiosity and scholarly lens. Alongside religious and historical analysis, the volume features personal anecdotes, exotic descriptions of food and trade, local characters, and encounters with Ottoman governance. The narrative provides a window into the Ottoman Empire's complex religious tolerance, social practices, and its slow reform, offering both a personal journey and a historical commentary on faith, empire, and identity in the Eastern Mediterranean.",https://ocrdigitalfile.nvli.in/dlirepository/24/251_W_O-ocr.pdf
2761057,Numismatic Chronicle Vol. I,/system/files/ICrarebooks/dlirepository/12/numismatic-chronicle.pdf,"The Numismatic Chronicle (Vol. I), edited by John Yonge Akerman, is a foundational publication of the Numismatic Society, presenting scholarly articles and discoveries related to ancient and modern coinage. The volume includes detailed essays on Anglo-Saxon, British, Greek, and Roman coins, with prominent contributions from Edward Hawkins on Northumbrian coinage, including the skeatta and styca. Articles delve into attributions of coins to specific kings, monetary reforms, and archaeological findings, such as Roman coin molds in France and England. The chronicle also includes discussions on medieval and Renaissance medals, counterfeit coins, and proposals for monetary reforms like decimalization. Notable sections address the coinage of modern Greece, analysis of James I and Charles Is gold coins discovered at Southend, and the evolution of British money before and after Roman influence. The volume highlights the importance of historical and material evidence in verifying coin origins and emphasizes interdisciplinary study combining archaeology, linguistics, and metallurgy. It also documents the proceedings of the Numismatic Society and includes miscellaneous reports on coin finds, museum collections, and publications. This first edition stands as a critical resource in establishing numismatics as a serious academic field in the 19th century.",https://ocrdigitalfile.nvli.in/dlirepository/12/numismatic-chronicle-ocr.pdf
2761068,Electric Telegraph : Including its Rise and Progress in the United States,/system/files/ICrarebooks/dlirepository/22/Historical-Sketch.pdf,"Alexander Joness Historical Sketch of the Electric Telegraph (1852) is a compelling narrative charting the invention, development, and impact of electric telegraphy in the United States. Blending scientific enthusiasm with patriotic pride, the book presents electricity as a near-mythical force capable of analysis, healing, creation, and destruction culminating in its greatest triumph: instant communication. Jones traces the telegraph's roots from ancient observations of amber to 18th-century breakthroughs in Leyden jars, galvanism, and Franklin's lightning experiments. He then focuses on American achievements, particularly the work of Samuel Morse, who transformed theoretical knowledge into a practical telegraphic network spanning cities and coasts. The telegraph is portrayed as a miracle of science and a symbol of national progress used for war, commerce, weather alerts, and even policing. The author outlines the technical, political, and commercial challenges faced during its expansion and credits public support and press engagement for its success. Richly imaginative and eloquently patriotic, Jones sees the telegraph as the embodiment of modern civilizations spirit faster than time and revolutionizing communication, transportation, and governance. His work not only preserves the history of this transformative invention but also celebrates the fusion of science, enterprise, and democratic advancement in 19th-century America.",https://ocrdigitalfile.nvli.in/dlirepository/22/Historical-Sketch-ocr.pdf
2761058,"Odontography: Or a Treatise on the Comparative Anatomy of the Teeth; Their Physiological Relations, Mode of Development, and Microscopic Structure, in the Vertebrate Animals Vol. I",/system/files/ICrarebooks/dlirepository/13/Odontography-Vol.pdf,"Richard Owens Odontography is a landmark scientific treatise on the comparative anatomy and physiology of vertebrate teeth, offering an encyclopedic analysis of their structure, development, and evolutionary significance. Divided into parts by vertebrate class fishes, reptiles, and mammals the work systematically explores dental diversity, including tooth forms, microscopic structures, and functions. Owen emphasizes the tooth as a diagnostic tool in understanding broader biological classification and paleontological reconstruction. He applies meticulous observation, including advanced microscopy, to analyze fossil and living species, drawing insights from rare and extinct animals such as the Iguanodon, Megatherium, and Labyrinthodon. A central theme is that tooth structure correlates with an animals diet, behavior, and taxonomy, making teeth essential in evolutionary biology. Owen also addresses the developmental origins of teeth, comparing them to epidermal appendages like hair and horns. The work is richly illustrated with anatomical diagrams and fossil records, combining rigorous empirical research with broad theoretical insight. Through international collaboration and a vast museum collection, Owen integrates paleontology, zoology, and anatomy into a comprehensive framework. Odontography stands as a foundational text in dental science and comparative anatomy, showcasing Owen's brilliance and the growing importance of anatomical evidence in evolutionary theory.",https://ocrdigitalfile.nvli.in/dlirepository/13/Odontography-Vol-ocr.pdf
2761069,The Religion of Geology and its Connected Sciences,/system/files/ICrarebooks/dlirepository/23/The-Religion.pdf,"The Religion of Geology by Edward Hitchcock explores the profound relationship between science particularly geology and Christian faith. As President of Amherst College and a theologian, Hitchcock advocates for harmonizing scientific discovery with religious doctrine, arguing that both are divine revelations: nature being God's work, and the Bible being His word. Through a series of lectures, he addresses key theological questions such as the age of the Earth, the reality of death before the Fall, the Noachian flood, and divine providence. He refutes the perceived conflict between geology and Scripture by showing that scientific truths help clarify, not contradict, biblical teachings. Hitchcock emphasizes that revelations in geology like Earth's immense age or evolutionary processes need not threaten religious belief but should instead deepen our awe of God's creation. He urges theological seminaries to incorporate natural sciences, warning that ministers without scientific understanding risk misrepresenting religion and alienating scientifically literate audiences. Using compelling metaphors, scriptural analysis, and geological evidence, Hitchcock champions a worldview where faith and science support one another. His work remains a pioneering defense of natural theology, advocating for intellectual openness and mutual enrichment between the scientific and spiritual realms.",https://ocrdigitalfile.nvli.in/dlirepository/23/The-Religion-ocr.pdf
2761048,"The Quarterly Journal - Science, Literature and the Arts, Volume XI",/system/files/ICrarebooks/dlirepository/3/The-Quarterly-Journal-Science-Literature-And-The-Arts-Vol11.pdf,"This volume of The Quarterly Journal of Science, Literature and the Arts (Vol. XI, 1823) offers a rich cross-disciplinary collection of essays and reports reflecting the intellectual currents of early 19th-century Britain. It includes contributions on geology, astronomy, chemistry, physiology, literature, and technological innovations. Noteworthy entries include a geological map and description of Barbados, studies on mammoth remains, solar eclipses, animal physiology, and mineralogical tools. The journal also features translations of historic chemical texts and contemporary reviews of scientific books and instruments. In addition, it compiles astronomical methods for calculating planetary motion and discusses errors in existing planetary tables. The volume highlights practical inventions like diving machines and electrometers and records significant proceedings from the Royal Society. The Miscellaneous Intelligence section contains updates on agriculture, meteorology, mineralogy, and even Parisian food consumption statistics. The tone is scholarly yet accessible, aimed at a learned but non-specialist audience. The journal emphasizes empirical observation, methodical experimentation, and international collaboration in the advancement of science and knowledge. As a window into the scientific and cultural dialogues of its time, it reflects the vibrant spirit of inquiry and the Enlightenment belief in progress through reason and discovery.",https://ocrdigitalfile.nvli.in/dlirepository/3/The-Quarterly-Journal-Science-Literature-And-The-Arts-Vol11-ocr.pdf
2761059,The Court and Camp of Runjeet Sing,/system/files/ICrarebooks/dlirepository/14/Cort-And.pdf,"Court and Camp of Runjeet Sing by Hon. W.G. Osborne is a vivid first-hand account of British diplomatic and military interactions with the Sikh Empire during the late 1830s. Osborne, Military Secretary to the Governor-General of India, accompanied a British mission to the court of Maharaja Ranjit Singh with the goal of strengthening political alliances. The narrative blends formal diplomatic developments with rich descriptions of courtly splendor, cultural practices, military parades, and everyday life within the Sikh kingdom. Interspersed with Osbornes personal journal entries, the work offers insight into Ranjit Singh's personality portrayed as a charismatic and shrewd ruler and the structure of his army and administration. The book opens with a historical introduction tracing the origins of the Sikh religion, founded by Guru Nanak, and its evolution into a militarized state under Guru Gobind Singh. It also provides a sweeping overview of political upheavals in India, including the decline of the Mughal Empire, invasions by Nadir Shah and Ahmed Shah Durrani, and the rise of Sikh power in the Punjab. Illustrated and richly detailed, the work provides not just a political report but an ethnographic and historical sketch of a pivotal time in North India's colonial and indigenous power dynamics.",https://ocrdigitalfile.nvli.in/dlirepository/14/Cort-And-ocr.pdf
